first_name,last_name,company_name,address,city,province,postal,phone1,phone2,email,web
Stafani,Joris,Meemm,6057 Fieldstone Avenue,Dallas,TX,TTT TTT,469-741-7918,989-758-5295,sjoris0@kickstarter.com,https://privacy.gov.au
Amelina,Weavers,Divavu,187 Chive Plaza,Winston Salem,NC,TTT TTT,336-401-8102,859-809-0826,aweavers1@cocolog-nifty.com,http://abc.net.au
Nickolaus,Scadden,Mydo,7150 Pawling Junction,Pocatello,ID,TTT TTT,208-593-0680,559-834-5425,nscadden2@is.gd,http://yandex.ru
Gardy,Gamlin,Blogtags,43 Mcguire Court,Phoenix,AZ,TTT TTT,602-218-4707,678-579-7088,ggamlin3@topsy.com,https://quantcast.com
Harri,Habben,Kanoodle,6 Ridge Oak Alley,Duluth,MN,TTT TTT,218-351-3461,614-508-8253,hhabben4@spiegel.de,http://oaic.gov.au
Susi,Pitkeathly,Dabtype,16 Thierer Street,Dallas,TX,TTT TTT,214-576-9328,804-560-4086,spitkeathly5@behance.net,http://alibaba.com
Franky,Barnshaw,Skidoo,935 Westport Hill,San Jose,CA,TTT TTT,408-452-9223,318-259-6274,fbarnshaw6@tripadvisor.com,https://opensource.org
Melba,McCulley,Mynte,418 Mitchell Parkway,Los Angeles,CA,TTT TTT,323-563-6331,417-290-6938,mmcculley8@blogger.com,http://unc.edu
Levi,Adamek,Wikido,1 Monument Place,Salt Lake City,UT,TTT TTT,801-925-0618,212-274-1277,ladamek9@alexa.com,http://aboutads.info
